variant,variant_설명,target,N,R2,AdjR2,DW,AIC,BIC,max_vif,delta_AIC_vs_base,delta_BIC_vs_base,판정,판정 이유
motor_current_a__v2_base,motor_current_a 기본모델(S2 DIFF_on),motor_current_a,65609,0.9910131971898932,0.9910127862393798,0.3110020882239096,-399965.2951007207,-399928.92922807817,62.78378406407288,0.0,0.0,기준 모델,비교 기준이 되는 S2 DIFF_on 기본 모델입니다.
motor_current_a__v3b_drop_rpm,motor_current_a 후보 B: pump_rpm 제거,motor_current_a,65609,0.989702821948897,0.9897025080392531,0.2717335412502429,-391037.0746489463,-391009.80024446436,1.0239045470655703,8928.220451774425,8919.128983613802,제거 비권장,VIF는 정리됐지만 AIC 손실이 커서 설명력 희생이 너무 큽니다.
motor_current_a__v3a_drop_discharge,motor_current_a 후보 A: discharge_pressure_kpa 제거,motor_current_a,65609,0.9649172430034937,0.9649161735050638,0.21653352342008558,-310610.9463537071,-310583.6719492252,1.0236550233619872,89354.3487470136,89345.25727885298,제거 비권장,VIF는 정리됐지만 AIC 손실이 커서 설명력 희생이 너무 큽니다.
wire_to_water_efficiency__v2_base,wire_to_water_efficiency 기본모델(S2 DIFF_on),wire_to_water_efficiency,65609,0.8982511299522493,0.8982449261311379,0.25653724737933503,-980598.9344188164,-980553.4770780131,28.714228433996603,0.0,0.0,기준 모델,비교 기준이 되는 S2 DIFF_on 기본 모델입니다.
wire_to_water_efficiency__v3a_drop_suction,wire_to_water_efficiency 후보 A: suction_pressure_kpa 제거,wire_to_water_efficiency,65609,0.8078157913064554,0.807807003064308,0.19227712903806396,-938877.1130682628,-938840.7471956202,1.2538828374092374,41721.82135055354,41712.729882392916,제거 비권장,VIF는 정리됐지만 AIC 손실이 커서 설명력 희생이 너무 큽니다.
wire_to_water_efficiency__v3b_drop_rpm,wire_to_water_efficiency 후보 B: pump_rpm 제거,wire_to_water_efficiency,65609,0.6858426537250457,0.6858282878681929,0.19379612754217293,-906634.2503293033,-906597.8844566607,1.2544274533398942,73964.68408951303,73955.5926213524,제거 비권장,VIF는 정리됐지만 AIC 손실이 커서 설명력 희생이 너무 큽니다.
