lag_10m,lag_minutes,n_obs,f_stat,p_value,significant
1,10,6568,7769.113623069755,0.0,True
2,20,6567,3253.500388751828,0.0,True
3,30,6566,2728.897466647014,0.0,True
4,40,6565,1938.8069279904414,0.0,True
5,50,6564,1672.5137215535842,0.0,True
6,60,6563,1360.4888238220942,0.0,True
