lag_10m,lag_minutes,n_obs,f_stat,p_value,significant
1,10,6521,116.11072060022659,7.55921083686848e-27,True
2,20,6520,152.01493683080398,2.9845331945996452e-65,True
3,30,6519,118.67184112199416,7.921939880035973e-75,True
4,40,6518,105.33386443945518,4.426040251652857e-87,True
5,50,6517,108.30195677768442,3.360017792793581e-110,True
6,60,6516,97.3468302002268,1.2681133531888351e-117,True
