covariate,beta,se,z,p_value,hazard_ratio,ci_low,ci_high
event_index_per_10_events,-0.015100475072282286,0.05028785932989295,-0.3002807292555802,0.7639630312066388,0.9850129653820292,0.8925571985605454,1.087045786573064
