mode,group,n_days,mean_efficiency,mean_vibration,mean_motor_temp
time_proxy_first7_vs_last7,group_a,7,0.05190255242751799,1.3134964774951077,42.17862015655578
time_proxy_first7_vs_last7,group_b,7,0.023938712894863053,3.698191976516634,49.60039667318983
