baseline_n,median,mad,sigma,threshold_mad,threshold_sigma
63980,0.002000000000000224,0.001000000000000334,0.002108983771360602,0.004447800000001485,0.0063269513140818065
